file,tags
1000268201_693b08cb0e.jpg, #fun#childhood#memories#littleexplorer#cute#woodencabin#playhouse
1001773457_577c3a7d70.jpg, #dogsofinsta#fighting#pets#playfulpups
1002674143_1b742ab4b8.jpg,#rainbow#art#creativity#creativekids#outdoorart#pigtailsandpaint#artinnature
1003163366_44323f5815.jpg,#bestfriends#relaxingtime#leisuremoment#companionship#outdoornap
1007129816_e794419615.jpg, #uniqueheadwear#fashionstatement#hipstervibes#stylishman#gaugesandglasses#hatfashion#blitzhat#crochetedhat
1007320043_627395c3d8.jpg, #childhood#memories#playtime#ropeclimbing#fun
1009434119_febe49276a.jpg, #dogrun#grassygarden#blackandwhite#whitefence #bostonterrier#greengrass#outdoorfun#doglife#petplay#naturelovers
1012212859_01547e3f17.jpg, #dogshake#shore#whitedog#playtime#beachplay#waterfun#doglife #petplay#naturelovers
1015118661_980735411b.jpg, #citylife#cityscape#urbanexploration#childhood#streetview#citywalk#happiness#urbanphotography#cute
1015584366_dfcec3c85a.jpg, #blackdog#leap#log#greydog#fallentree#largeblackdog#mottleddog#bluecollar#jump#treestump
101654506_8eb26cfb60.jpg, #browndog#whitedog#run#snow#snowfield#snowcovered#dogrun#snowrun#winterfun#doglife#winters
101669240_b2d3e7f17b.jpg, #maninhat#skier#bluehat#skiing#snow#artwork#outdoorart#snowfield#natureart
1016887272_03199f49c4.jpg, #rockclimbing#adventure#teamwork#mountaineers
1019077836_6fc9b15408.jpg, #browndog#dogrun#grassygarden#lawn#fun#greengrass#outdoorfun#doglife#petplay#naturelovers
1019604187_d087bf9a5f.jpg, #browndog#catch#field#cars#activity
1020651753_06077ec457.jpg, #jumpingdog#playtoy#playingtogether#grassyfield#outdoorfun#doglife#petplay
1022454332_6af2c1449a.jpg, #biglake#waterfun#nature#peaceful#beautiful#childhood#woman#watersedge#bigcity#lake#outdoorfun
1022454428_b6b660a67b.jpg, #couples#infant#pond#familytime#memories#peaceful
1022975728_75515238d8.jpg, #dogsurf#beach#playtime#outdoorfun#doglife#petplay#watersplash
102351840_323e3de834.jpg, #man#ice#iceofpond#frozenlake#iceactivity#icefishing
1024138940_f1fefbdce1.jpg, #dogs#playingdogs#beach#fun#sandybeach#playingtogether#outdoorfun#doglife#petplay
102455176_5f8ead62d5.jpg, #iceclimber#iceclimbing#crampons#icepicks#extremesport#adventure
1026685415_0431cbf574.jpg, #dogfun#grass#playtime#toyfetch#wetdog
1028205764_7e8df9a2ea.jpg, #kayakride#waterfun#familytime#canoeride#waterride#gentlewaters
1030985833_b0902ea560.jpg, #jumpingdog#playtoy#playingtogether#fun#petplay#courtyard
103106960_e8a41d64f8.jpg, #sportslife#hockeytime#goalieskills#streethockeyfun#teamplay#activekids#gameon#stickskills#youthsports#athletelife#hockeyseason#playhard#outdoorplay#healthyhabits#sports
103195344_5d2dc613a3.jpg, #modernart#citylife#urbanart#citylife#moderndesign#sculpturegarden#readingspot#contemporaryart#cityliving#publicart#architecturalbeauty#outdoorreading#artinpublic#cityscape#metropolitanlife#culturalspaces#sculptureculture
103205630_682ca7285b.jpg, #tentonice#fishing#outdoors#cold#ice#icefishingtent#snowcoveredlake#blueicefishinghut#icedoverlake#bluetentstructure#snowysurface
1032122270_ea6f0beedb.jpg, #dogsfun#playingtogether#grassyhill#field#petplay#companionship#dogfun#grass#playtime#naturelovers
1032460886_4a598ed535.jpg, #skyscraper#city#urban#architecture#metropolitan#instapic#sociallife#picoftheday
1034276567_49bb87c51c.jpg, #food#meal#outdoors#snacktime#hungry#pizza#delicious#mouthwatering#yummybites#foodiekid#biteintojoy#savorthemoment#happybites#tastytreats#mealtimejoy
104136873_5b5d41be75.jpg, #mountaineers#mountainside#view#nature#scenic#beautiful#picoftheday#hilltop#greenvalley
1042020065_fb3d3ba5ba.jpg, #boats#kayakers#waterfun#waterride#rafts
1042590306_95dea0916c.jpg, #pictureperfect#couplegoals#meal#love#sweet#romantic#we#us#picoftheday#instapic
1045521051_108ebc19be.jpg, #freetime#meal#urbanlife#exhausted#hungry#bored#television#fastfood#relaxation
1048710776_bb5b0a5c7c.jpg, #friends#companions#friendship#funtime#beach#seaside#crowd#community#bluesky#naturelovers
1052358063_eae6744153.jpg, #skill#skateboarding#funtrick#fun#sports
105342180_4d4a40b47f.jpg,  #riveradventure#kayaklife#outdoorexploration#watersports#adventureseeker#naturelover#staywild#riverjourney#intothewild#natureexplorer
1053804096_ad278b25f1.jpg, #beachfun#oceanplay#splashtime#childhoodjoy#summervibes#coastallife#surfinggirl#beachdays#sunshineandwater#happychild#outdoorplay#fun
1055623002_8195a43714.jpg, #pillowfun#kidsparty#sleepovergames#childhoodmemories#playfulmoments#sleepparties#friendshipgoals#funwithfriends#happykids#pillowbattles#cozytime#joyfulnights#fun
1055753357_4fa3d8d693.jpg, #constructionbreak#constructionsite#workerrest#breaktime#worksitechill#hardhatbreak#laborbreak#sitepause#constructionguys#workersrelax#hardworkers
1056249424_ef2a2e041c.jpg, #beachfun#splashtime#childhoodjoy#summervibes#waterfun#outdoors#beachdays#sunshineandwater#happychild#fun
1056338697_4f7d7ce270.jpg, #abstract#street#traffic#citylife#urban#aesthetic#aestheticedits
1056359656_662cee0814.jpg, #trainride#candid#activity#transportation
1056873310_49c665eb22.jpg, #dogs#running#beach#playtime#fun
1057089366_ca83da0877.jpg, #boy#divingboard#pool#swimming#fun
1057210460_09c6f4c6c1.jpg, #man#shirt#elevator#citylife#urban
1057251835_6ded4ada9c.jpg, #dog#beach#run#fun#playtime
106490881_5a2dd9b7bd.jpg, #boy#beach#shore#playtime#fun
106514190_bae200f463.jpg, #hiker#mountains#landscape#scenicview#outdoors
1067180831_a59dc64344.jpg, #dog#play#fetch#fun#pets
1067675215_7336a694d6.jpg, #man#street#urban#citylife#relaxation
1067790824_f3cc97239b.jpg, #dogs#beach#play#fun#pets
1072153132_53d2bb1b60.jpg, #dog#toy#play#fun#pets
107318069_e9f2ef32de.jpg, #hotairballoons#night#sky#event#celebration
1075716537_62105738b4.jpg, #boy#bike#helmet#activity#outdoors
107582366_d86f2d3347.jpg, #people#night#outdoors#socializing#community
1075867198_27ca2e7efe.jpg, #man#dogs#beach#play#fun
1075881101_d55c46bece.jpg, #boy#bath#play#fun#cleanup
10815824_2997e03d76.jpg, #girl#horse#fire#rural#countrylife
1082252566_8c79beef93.jpg, #dogs#play#fun#pets#companionship
1082379191_ec1e53f996.jpg, #man#woman#dock#waterfront#relaxation
1084040636_97d9633581.jpg, #dog#resting#floor#relaxation#pets
1084104085_3b06223afe.jpg, #woman#rockclimbing#indoor#activity#sports
109260216_85b0be5378.jpg, #RockClimbing#Rappelling#SafetyRope
109260218_fca831f933.jpg, #Caving#Exploration#SunlitCavern
1093716555_801aacef79.jpg, #Hiking#MountainView#OutdoorRest
1093737381_b313cd49ff.jpg, #Snowmobiling#WinterJump#OutdoorAdventure
1094462889_f9966dafa6.jpg, #Snowmobiling#WinterRide#HelmetedRiders
1095476286_87d4f8664e.jpg, #ATVriding#OutdoorActivity#OffRoadFun
1095580424_76f0aa8a3e.jpg, #ATVJump#OutdoorStunt#ExtremeSports
1095590286_c654f7e5a9.jpg, #ATVriding#OutdoorActivity#OffRoadFun
1095980313_3c94799968.jpg, #Jumping#Fountain#OutdoorPlay
1096097967_ac305887b4.jpg, #DogPlay#WaterSpray#PaddlingPool
1096165011_cc5eb16aa6.jpg, #Swimming#Underwater#PoolFun
1096395242_fc69f0ae5a.jpg, #ToyGun#ChildhoodPlay#Imagination
109671650_f7bbc297fa.jpg, #CliffStanding#Adventure#Exploration
109738763_90541ef30d.jpg, #Snowmobiling#WinterJump#OutdoorAdventure
109738916_236dc456ac.jpg, #Snowmobiling#WinterRide#HelmetedRiders
109823394_83fcb735e1.jpg, #ATVriding#OutdoorActivity#OffRoadFun
109823395_6fb423a90f.jpg, #ATVJump#OutdoorStunt#ExtremeSports
109823397_e35154645f.jpg, #ATVJump#OutdoorStunt#ExtremeSports
1100214449_d10861e633.jpg, #Jumping#Fountain#OutdoorPlay
1104133405_c04a00707f.jpg, #Soccer#OutdoorGame#BallSports
1105959054_9c3a738096.jpg, #Painting#CreativeExpression#ArtisticActivity
110595925_f3395c8bd6.jpg, #Cycling#BikeRide#CurvedRoad
1107246521_d16a476380.jpg, #DogPlay#FetchGame#OutdoorActivity
1107471216_4336c9b328.jpg, #Filming#VintageCamera#ChildhoodMemories
1110208841_5bb6806afe.jpg, #FrisbeeDog#CanineAthlete#AudienceWatching
1112212364_0c48235fc2.jpg, #RockStacking#BeachPlay#ToddlerFun
111497985_38e9f88856.jpg, #RockClimbing#MountainView#OutdoorAdventure
111537217_082a4ba060.jpg, #RockClimbing#MountainTerrain#SafetyGear
111537222_07e56d5a30.jpg, #Climbing#Adventure#RopeSafety
1115565519_d976d4b1f1.jpg, #BeachPlay#FountainFun#ChildhoodJoy
1115679311_245eff2f4b.jpg, #DogPlay#BeachRun#BarrierJump
111766423_4522d36e56.jpg, #BirdFeeding#WildlifeInteraction#NatureConnection
1117972841_2b9261f95f.jpg, #DogPlay#BeachFun#PetActivity
1118557877_736f339752.jpg, #BeachFun#ChildhoodJoy#OceanSplash#HappyKids
1119015538_e8e796281e.jpg, #DogRunning#OutdoorPlay#PetActivity#GrassyField
1119418776_58e4b93eac.jpg, #DogRunning#FieldPlay#OutdoorFun#ActivePets
1119463452_69d4eecd08.jpg, #Swimming#PoolPlay#ChildhoodJoy#WaterFun
1121416483_c7902d0d49.jpg, #Handstand#ChildhoodFun#IndoorPlay#Acrobatics
112178718_87270d9b4d.jpg, #BeachLife#Surfboard#Sand#OutdoorActivity
112243673_fd68255217.jpg, #ATVriding#OffRoadAdventure#OutdoorFun#TrailRiding
1122944218_8eb3607403.jpg, #Baby#Flag#CulturalTradition#ToddlerActivity
1124448967_2221af8dc5.jpg, #Relaxing#OutdoorChill#StreetLife#CityScene
1129704496_4a61441f2c.jpg, #DogsPlay#OceanFun#PetActivity#Fetching
1130017585_1a219257ac.jpg, #StreetParty#Friends#SocialGathering#UrbanLife
1130369873_d80a1aa59c.jpg, #DogSwimming#WaterPlay#OutdoorFun#PetActivity
1130401779_8c30182e3e.jpg, #DogsPlay#WaterFun#OutdoorActivity#PetPlaytime
1131155939_b4b457b05e.jpg, #DogBeach#OceanPlay#PetActivity#SeasideFun
1131340021_83f46b150a.jpg, #ChildRunning#OutdoorPlay#ActiveKids#PavementFun
1131800850_89c7ffd477.jpg, #DogSnow#WinterPlay#OutdoorFun#PetActivity
1131804997_177c3c0640.jpg, #Backpackers#Travelers#BusStop#Waiting
1131932671_c8d17751b3.jpg, #ChildJumping#BedBouncing#IndoorPlay#ChildhoodFun
1132772170_600610c5df.jpg, #Snowboarding#MountainFun#WinterSports#OutdoorActivity
113678030_87a6a6e42e.jpg, #Snowboarding#MountainRest#WinterSports#MountainViews
1138784872_69ade3f2ab.jpg, #StreetWalk#UrbanLife#CityScene#Pedestrians
114051287_dd85625a04.jpg, #SoccerPlayer#SportsGear#YouthSports#AthleteLife
1141718391_24164bf1b1.jpg, #BridgeCrossing#Adventure#NatureTrail#SuspensionBridge
1141739219_2c47195e4c.jpg, #ColorfulTruck#FamilyTravel#RoadTrip#TravelAdventure
1142283988_6b227c5231.jpg, #CostumeHug#FunOutfit#FancyDress#EventCelebration
1142847777_2a0c1c2551.jpg, #BikeRiding#CityLife#UrbanCommute#TrafficScene
1143373711_2e90b7b799.jpg, #BikeCommute#UrbanCycling#CityTraffic#StreetLife
1143882946_1898d2eeb9.jpg, #BikeRide#CityScene#HelmetSafety#UrbanTransport
1144288288_e5c9558b6a.jpg, #Jogging#Running#FitnessRoutine#HealthyLifestyle
1148238960_f8cacec2fc.jpg, #bicycles#intersection#waiting#urbanlife#traffic
1149179852_acad4d7300.jpg, #horse#carriage#shirtless#guiding#wagon
114949897_490ca7eaec.jpg, #baseball#batting#practice#net#teamwork
1151466868_3bc4d9580b.jpg, #beach#ocean#waves#fun#childhood#splash
1153704539_542f7aa3a5.jpg, #marchingband#trumpet#music#performance#entertainment
1155138244_859fd6e079.jpg, #starbucks#samples#streetfair#barista#drinks#community
115684808_cb01227802.jpg, #snow#sled#preparation#winter#outdoors
1159574340_99ba8c3c59.jpg, #lake#jumping#childhood#fun#water#outdoors
1160034462_16b38174fe.jpg, #park#bench#elderly#relaxation#outdoors
1160441615_fe6b3c5277.jpg, #bridge#walk#nature#friends#outdoors
1163282319_b729b24c46.jpg, #rock#girl#outdoors#playtime#fun
116409198_0fe0c94f3b.jpg, #snow#tent#mountaineer#outdoors#camping
1164131282_b30926f332.jpg, #dogs#wrestling#playtime#pets#outdoors
1164765687_7aca07bbe7.jpg, #dog#toys#playtime#pets#fun
1167662968_e466f1e80a.jpg, #nosepiercing#fashion#style#portrait#individuality
1167669558_87a8a467d6.jpg, #yellow#expression#facial#portrait#emotions
1167908324_8caab45e15.jpg, #bar#videogames#entertainment#nightlife#fun
1169307342_e7a4685a5c.jpg, #dogs#playtime#pets#outdoors#fun
1174525839_7c1e6cfa86.jpg, #beach#jumping#ocean#fun#childhood#outdoors
1174629344_a2e1a2bdbf.jpg, #city#urban#people#sidewalk#crowd
1176580356_9810d877bf.jpg, #dog#ball#catch#playtime#pets#outdoors
1177994172_10d143cb8d.jpg, #waterfight#boys#childhood#fun#outdoors
1178705300_c224d9a4f1.jpg, #dog#pool#jumping#playtime#pets#fun
118187095_d422383c81.jpg, #kids#toys#parade#fun#family
118309463_a532b75be9.jpg, #baseball#team#uniforms#sports#teamwork
1184967930_9e29ce380d.jpg, #dog#grass#flowers#playtime#pets#outdoors
1187435567_18173c148b.jpg, #dog#toy#playtime#pets#fun
1187593464_ce862352c6.jpg, #dog#stick#running#playtime#pets#outdoors
1189977786_4f5aaed773.jpg, #dogs#swimming#pool#playtime#pets#fun
1191338263_a4fa073154.jpg, #subway#advertisement#urban#transit#citylife
1193116658_c0161c35b5.jpg, #unicycle#scooter#street#childhood#fun#outdoor
119534510_d52b3781a3.jpg, #reading#dock#water#relaxation#outdoors#serenity
1197800988_7fb0ca4888.jpg, #tree#picnictable#snack#outdoors#nature#peaceful
1198194316_543cc7b945.jpg, #walking#couple#outdoors#urbanlife#city#community
1204996216_71d7519d9a.jpg, #picnictable#bench#child#outdoors#relaxation#familytime
1206506157_c7956accd5.jpg, #dogs#fighting#playtime#pets#outdoors#fun
1207159468_425b902bfb.jpg, #dome#structure#architecture#park#outdoors#playground
1211015912_9f3ee3a995.jpg, #girl#children#park#laughter#happiness#playtime
1213336750_2269b51397.jpg, #photography#outdoors#urban#citylife#street#capture
1215334959_b1970965f7.jpg, #beach#family#bench#ocean#relaxation#togetherness
121800200_bef08fae5f.jpg, #climbing#rock#outdoors#adventure#nature#challenge
121971540_0a986ee176.jpg,#yacht#cleaning#windows#boat#marine#outdoors
1220401002_3f44b1f3f7.jpg, #children#laughter#grass#playtime#joy#outdoors
1222322358_225067636e.jpg, #swing#child#playtime#outdoors#park#fun
1224851143_33bcdd299c.jpg, #eating#spoon#child#mealtime#outdoors#family
1225443522_1633e7121f.jpg, #night#city#street#urban#outdoors#walking
1227655020_b11a1bb112.jpg, #dogs#playing#grass#pets#outdoors#fun
1229756013_94663527d7.jpg, #dog#jumping#ball#playtime#pets#outdoors
1231229740_8dcbf80bfb.jpg, #child#sleeping#cushion#naptime#toddler#rest
1232148178_4f45cc3284.jpg, #child#playground#park#outdoors#fun#supervision
1234293791_6566284bcd.jpg, #horsebackriding#girl#horse#helmet#outdoors#ridin
1234817607_924893f6e1.jpg, #Korean#soda#vendor#smile#outdoor
1235580648_7eebaed9bc.jpg, #hat#men#pose#tall#funny
1235681222_819231767a.jpg, #people#sitting#benches#public#area
1235685934_be89b231fb.jpg, #sunglasses#men#stand#white#backpack
1236951314_0308dc4138.jpg, #boy#wetsuit#pool#baldman#jump
1236964638_1808784a3c.jpg, #boy#divingboard#pool#jump#splash
1237985362_dbafc59280.jpg, #woman#girl#bubbles#picnic#fun
123889082_d3751e0350.jpg, #dogs#playing#grass#bitem#ear
123997871_6a9ca987b1.jpg, #girls#sports#uniform#lacrosse#eyeprotection
1240297429_c36ae0c58f.jpg, #dog#jersey#field#running#chase
124195430_d14028660f.jpg, #horse#foal#beach#sandy#animals
1244140539_da4804d828.jpg, #dog#laying#carpet#brown#black
1244306891_8e78ae1620.jpg, #smiling#girls#bathing#suits#beach
1244485675_822e6efe60.jpg, #boy#reflection#grey#shirt
1245022983_fb329886dd.jpg, #child#pink#stroller#buildings#distance
1247181182_35cabd76f3.jpg, #man#sit#rock#cliff#mountains
1248357227_2b4175fc39.jpg, #kids#play#wooded#area#water
1248734482_3038218f3b.jpg, #girl#pink#shirt#grass#pose
124881487_36e668145d.jpg, #man#bicycle#rocky#hill#trail
1248940539_46d33ed487.jpg, #children#play#sand#beach
1248953128_24c9f8d924.jpg, #girl#colorful#dress#soccer#ball
124972799_de706b6d0b.jpg, #cat#dog#bench#hissing#growling
1251558317_4ef844b775.jpg, #adult#child#police#motorcycle
1252396628_eb81d3905b.jpg, #man#red#biker#suit#dirt#bike
1252787177_4b08625897.jpg, #people#underwear#stall#display
125319704_49ead3463c.jpg, #person#bike#stream#bicyclists
1253264731_e7c689eca5.jpg, #girl#coral#shirt#glasses#smile#fence
1253275679_e955fb7304.jpg, #boy#ADHD#shirt#black#white
1255504166_f2437febcb.jpg, #boy#playing#lake#sunset#mountains
1258913059_07c613f7ff.jpg, #people#outdoors#table#umbrella#talk
1259936608_e3f0064f23.jpg, #girl#sprinkler#park#playing#children
1260816604_570fc35836.jpg, #person#red#car#bridge#background
1262077938_8b9516c273.jpg, #girl#purse#bench#park#sitting
1262454669_f1caafec2d.jpg, #woman#bench#dog#leash#park
1262583859_653f1469a9.jpg, #biker#coffee#green#shirt#bike
1263126002_881ebd7ac9.jpg, #baby#climb#crib#green#playpen
1263801010_5c74bf1715.jpg, #person#red#jacket#snow#mountains
1267711451_e2a754b4f8.jpg, #dog#stick#grass#black#white
1269470943_ba7fc49b4d.jpg, #boy#football#grass#blue#shirt
1271210445_7f7ecf3791.jpg, #girls#table#candle#birthday#celebration
1271960365_e54033f883.jpg, #black#dog#ball#running#pavement
1273001772_1585562051.jpg, #kids#water#fountain#splash#play
127450902_533ceeddfc.jpg, #winter#landscape#people#snow#sunset
127488876_f2d2a89588.jpg, #golf#men#red#white#tree#fairway
127490019_7c5c08cb11.jpg, #girl#golf#swing#blue#shirt#khaki
1277185009_06478dd457.jpg, #man#rocky#mountain#clouds#shirtless
1277743944_f4e8c78403.jpg, #boy#red#beach#running#sweater
1280147517_98767ca3b3.jpg, #boat#lake#wakeboarder#tricks#speedboat
1280320287_b2a4b9b7bd.jpg, #boys#wakeboard#waterskiing#watercraft#boat
1282392036_5a0328eb86.jpg, #people#costume#renaissance#fair#medieval
12830823_87d2654e31.jpg, #children#fish#pond#pool#blue
1285067106_2adc307240.jpg, #boy#baseball#white#uniform#pitch
1285874746_486731a954.jpg, #woman#crowd#blue#dress#dark-skinned
1286408831_05282582ed.jpg, #boy#climbing#tongue#play#platform
1287064529_aa4e4f3c31.jpg, #dog#snow#black#tan#white#harness
1287073593_f3d2a62455.jpg, #dogs#sled#snowy#hill#race
1287475186_2dee85f1a5.jpg, #boy#water#swimming#pool#fountain
1287920676_d21a0b289b.jpg, #dog#snow#harness#white#brown#red
1287931016_fb015e2e10.jpg, #dogs#snow#black#white#field
1287982439_6578006e22.jpg, #dog#water#brown#jumping#beach
1288909046_d2b2b62607.jpg, #dog#brown#leaping#garden#swimming#pool
128912885_8350d277a4.jpg, #dog#jumping#red#ball#grass#white#blue#collar
1289142574_2bd6a082dd.jpg, #boy#picnic#table#park#running#jumping
1290894194_8a4ffdc7eb.jpg, #woman#terrier#dog#smile#girl#sidewalk#red#top
1294578091_2ad02fea91.jpg, #artist#painting#paper#man#phone#woman#portrait#outdoors
1295669416_21cabf594d.jpg, #girl#red#black#top#pants#sitting#wall#tropical#plant
1295671216_cde1b9c9d1.jpg, #crowd#people#sidewalk#picture#man#blue#sweatshirt#camera
1295698260_e10c53c137.jpg, #crowd#people#picture#woman#shopping#bag#sale#man#camera
129599450_cab4e77343.jpg, #backpacker#mountains#american#flag#hiker#walking#woods
1296412797_85b6d2f8d6.jpg, #child#swinging#play#blanket#toddler#sweater
1296770308_3db2022f5a.jpg, #girl#bar#stool#dark#nightclub#chairs
1298295313_db1f4c6522.jpg, #blonde#boy#blue#life#vest#camo#shorts#diveboard#lake
1298866571_b4c496b71c.jpg, #man#asian#cellphone#suit#serious#young
1299459550_1fd5594fa2.jpg, #boy#swimming#trunks#toddler#blue#wet#ground
1299459562_ed0e064aee.jpg, #boys#bathing#suits#water#playing#spray
1301140633_046e4e8010.jpg, #boy#blue#shirt#dirty#face#blonde#hair#yellow#bottle#plants
130211457_be3f6b335d.jpg, #girl#leotard#man#cap#hot#pink#checkered#outfit
1302657647_46b36c0d66.jpg, #man#bars#outdoors#monkey#gym#night
1303335399_b3facd47ab.jpg, #baby#boy#shoulder#life#saver#edge#orange#pool#slide
1303548017_47de590273.jpg, #girl#train#tracks#station#green#shirt#railroad#multicolor#train#cars
1303550623_cb43ac044a.jpg, #girl#barefoot#train#tracks#jeans#tank#top
1303727066_23d0f6ed43.jpg, #man#feather#hat#turquoise#shirt#peace#sign#orange#smile
1303727828_d1052ee341.jpg, #person#feather#hat#sunglasses#woman#floral#print#dress#shaved#head
1304100320_c8990a1539.jpg, #dogs#running#field#flowers#pink#gray#heather
1304961697_76b86b0c18.jpg, #children#surfboards#wave#highfive#water#sports#wakeboards
1305564994_00513f9a5b.jpg, #man#street#racer#armor#tire#motorbike#racers#vehicle
1306145560_1e37081b91.jpg, #black#dog#orange#tennis#ball#swimming#water
1307635496_94442dc21a.jpg, #boy#black#sandals#grass#field#smile
1308472581_9961782889.jpg, #boy#girl#splashing#water#dock#ocean#laughing#bucket
1308617539_54e1a3dfbe.jpg, #boy#body#board#ocean#splashing#running#boogie#board
1309330801_aeeb23f1ee.jpg, #girl#handstand#outdoor#trampoline#performing#tricks
1311132744_5ffd03f831.jpg, #dog#running#field#tongue#hanging#red#collar#grass
1311388430_4ab0cd1a1f.jpg, #person#hanging#telephone#pole#mountains#power#lines#suspended
1312020846_5abb4a9be2.jpg, #puppies#chase#stone#wall#garden#foliaged#path
1312227131_771b5ed201.jpg, #dogs#running#cold#sunny#morning#sled#snow#forest
1312954382_cf6d70d63a.jpg, #girl#green#dress#Hello#Kitty#balloon#street
1313693129_71d0b21c63.jpg, #boy#girl#river#bank#water#shore#lake
1313961775_824b87d155.jpg, #girl#life#vest#floating#water#back#lake
1316247213_1d2c726dd5.jpg, #girl#laughing#purple#shirt#pink#snoopy#hat#smiling
131632409_4de0d4e710.jpg, #girl#bikini#beach#huge#clouds#sandy#shore#ocean#blue#swimsuit
1317292658_ba29330a0b.jpg, #boy#rain#shower#bathing#trunks#water#sprayed#fountain
1319634306_816f21677f.jpg, #dog#sitting#long#grass#hill#mountains
1321723162_9d4c78b8af.jpg, #girl#ice#skating#instructor#older#helps#younger
1321949151_77b77b4617.jpg, #boy#girl#lying#bench#adults#museum#sitting
1322323208_c7ecb742c6.jpg, #boy#girl#playing#beach#sand#silhouetted#setting#sun
1324816249_86600a6759.jpg, #dog#lush#field#clouds#mountains#golden#retriever#walking#trail
132489044_3be606baf7.jpg, #man#sleeping#bag#public#transportation#subway#asleep
1329832826_432538d331.jpg, #people#street#corner#dusk#pharmacy#rite#aid#broadway
1330645772_24f831ff8f.jpg, #dog#running#grass#field#black#white#low#cut#trees
133189853_811de6ab2a.jpg, #fashion#tuxedo#trends#shirts#kiss#laughs#formals#picoftheday
1332208215_fa824f6659.jpg, #subway#citylife#urban#publictransport#commute
1332492622_8c66992b62.jpg, #circus#amusementpark#balconyview#familyfun#colorful
1332722096_1e3de8ae70.jpg, #citylife#urban#streetphotography#walk#friends
1332815795_8eea44375e.jpg, #swing#playground#childhood#outdoorfun#family
1332823164_c70a5d930e.jpg, #ocean#beach#seaside#nature#water#shoreline
1333888922_26f15c18c3.jpg, #park#swing#outdoorplay#childhood#fun#nature
1334892555_1beff092c3.jpg, #play#foamswords#fun#outdoorplay#friends#childhood
1335617803_4fbc03dab0.jpg, #pose#friends#funny#childhood#bushes#outdoorfun
1337792872_d01a390b33.jpg, #play#toy#childhood#outdoorplay#girl#teddybear
1338523142_57fce8229b.jpg, #hiking#outdoors#nature#adventure#mountains#exploration
133905560_9d012b47f3.jpg, #dogs#play#snow#pets#winter#fun
1339596997_8ac29c1841.jpg, #friends#women#headscarves#culture#diversity#urban
1341787777_4f1ebb1793.jpg, #dog#water#play#fun#summer#sprinkler
1342766791_1e72f92455.jpg, #helpinghand#friendship#childhood#teamwork#climb#play
1342780478_bacc32344d.jpg, #streetphotography#citylife#urban#business#shop#donuts
1343426964_cde3fb54e8.jpg, #childhood#outdoorplay#fun#jump#playground#outdoors
1346051107_9cdc14e070.jpg, #musician#streetperformance#saxophone#urban#citylife#music
1346529555_e916816cfe.jpg, #dogs#play#fetch#ball#petfun#jump
134724228_30408cd77f.jpg, #friends#outdoor#nature#walk#path#outdoorfun
136644885_f7d2bbf546.jpg, #ropebridge#outdooractivity#nature#adventure#fun#outdoors
1368338041_6b4077ca98.jpg, #dogs#sidewalk#walk#sniffing#urbanlife#outdoorpets
1368338041_6b4077ca98.jpg, #people#corridor#indoor#modernarchitecture#dogwalking#indooractivity
136886677_6026c622eb.jpg, #canoeing#river#outdoor#nature#boating#adventure
1370615506_2b96105ca3.jpg, #wineshop#nightlife#urban#friends#nightout#citylife
1370773415_967b1ffde1.jpg, #restaurant#coffeeshop#conversation#citylife#urban#meeting
1377668044_36398401dd.jpg, #dog#fetch#stick#outdoorfun#petplay#bonding
1378557186_4bd1da6834.jpg, #man#dog#rifle#hunting#outdoor#companionship
1379026456_153fd8b51b.jpg, #man#computer#headphones#technology#work#digitalnative
1383698008_8ac53ed7ec.jpg, #snowboarder #snow #jump #trick #snowyhill #adventure
1383840121_c092110917.jpg, #dog #brown #bluecover #sheet #dogbed #relaxing
1384292980_4022a7520c.jpg, #girls #walking #street #Asian #companionship #outdoors
1386251841_5f384a0fea.jpg, #woman #mannequins #storedisplay #fashion #shopping #windowshopping
1386964743_9e80d96b05.jpg, #boy #camera #dirttrack #play #sunflowers #outdoorfun
138705546_be7a6845dd.jpg, #girls #lake #fishing #outdoors #nature #bonding
138718600_f430ebca17.jpg, #bicycles #people #grass #river #outdoor #recreation
1387443857_602ab6f9bf.jpg, #oldman #bench #sitting #senior #relaxing #outdoors
1387461595_2fe6925f73.jpg, #men #stonesign #conversation #Penzance #welcome #interaction
1387785218_cee67735f5.jpg, #child #doll #stroller #play #fun #parenting
1388346434_524d0b6dfa.jpg, #man #balcony #streetview #citylife #observation #urban
1388373425_3c72b56639.jpg, #woman #phone #bag #communication #outdoor #urbanlife
1388970365_162edcceb4.jpg, #dogs #field #grassy #playtime #outdoor #pets
1389264266_8170bc1c54.jpg, #girls #street #goth #fashion #urban #trendy
1389323170_d1c81d6b51.jpg, #woman #bench #drink #bag #outdoor #urbanlife
1389651420_8d95d8f6ed.jpg, #boy #gokart #fun #excitement #adventure #activity
1390268323_2c8204e91c.jpg, #children #car #climbing #exploration #adventure #fun
1392272228_cf104086e6.jpg, #dog #beach #fetch #ocean #retrieving #outdoorfun
1394368714_3bc7c19969.jpg, #dog #owner #pug #outdoor #rummagesale #exploration
1394396709_65040d97ab.jpg, #dog #water #retrieving #playtime #outdoor #adventure
1394599090_fe0ba238f0.jpg, #father #child #pool #swimming #parenting #bonding
1417031097_ab656bc4bd.jpg, #rollercoaster #amusementpark #ride #fun #excitement
1417295167_5299df6db8.jpg, #cellphone #drink #relaxation #technology #modernlife
141755290_4b954529f3.jpg, #lemonade #vendor #refreshing #summer #streetvendor
141755292_7a0b3364cf.jpg, #buffet #catereddinner #foodservice #hospitality #dining
1417637704_572b4d6557.jpg, #children #cartrunk #curiosity #exploration #adventure
1417882092_c94c251eb3.jpg, #spectators #observers #citylife #urban #streetlife
1417941060_2a0f7908bc.jpg, #siblings #family #bonding #love #affection
1418019748_51c7d59c11.jpg, #foodvendor #streetfood #cuisine #mobilefood #foodtruck
1418266617_b32143275b.jpg, #dog #obstaclecourse #training #petactivity #splash
1418503947_953d373632.jpg, #smoking #cigarette #habits #lifestyle #addiction
1419286010_b59af3962a.jpg, #fishing #angling #outdooractivity #leisure #boat
1419385780_1383ec7ba9.jpg, #hairstyle #mohawk #alternative #selfexpression #individuality
1420060020_7a6984e2ea.jpg, #ninja #costume #martialarts #combat #actionpose
1420060118_aed262d606.jpg, #ninja #jump #martialarts #acrobatics #actionshot
1423126855_6cd2a3956c.jpg, #hiking #nature #outdoors #adventure #explore
1423997242_ea2189ec5e.jpg, #camping #outdoors #nature #relaxation #serenity
1424237335_b3be9920ba.jpg, #playground #children #fun #recreation #joy
1424775129_ffea9c13ab.jpg, #childhood #exploration #adventure #curiosity #railroadtracks
1425013325_bff69bc9da.jpg, #dogs #beach #playtime #petactivity #waterfun
1425069308_488e5fcf9d.jpg, #dog #fetch #playtime #petactivity #catch
1425069590_570cc7c2d8.jpg, #playground #climbing #fun #recreation #childhood
1425485485_d7c97a5470.jpg, #children #laughter #affection #joy #friendship
1425919702_ddb761aeec.jpg, #spectators #audience #event #crowd #excitement
1426014905_da60d72957.jpg, #balcony #cityview #urbanlife #metropolitan #scenic
1427391496_ea512cbe7f.jpg, #child #playground #fun #recreation #outdoors
142802798_962a4ec5ce.jpg, #skateboarding #urban #streetart #graffiti #actionshot
1428578577_82864facae.jpg, #hiking #mountains #nature #adventure #outdoors
1428641354_f7453afbea.jpg, #cooking #family #mealpreparation #togetherness #bonding
1428681303_04213524e3.jpg, #children #climbing #playground #fun #recreation
1429546659_44cb09cbe2.jpg, #dogs #petactivity #fetch #playtime #outdoors
1429723917_6af585e4c0.jpg, #tattoo #bodymodification #subculture #individuality #identity
1429814475_0b592b9995.jpg, #scooter #citylife #urban #transportation #streetstyle
1430154945_71bbaa094a.jpg, #motherhood #parenting #nurturing #love #care
1432179046_8e3d75cf81.jpg, #tennis #sports #exercise #fitness #recreation
1432342377_3e41603f26.jpg, #urbanlife #cityscape #cityliving #streetstyle #sidewalk
143237785_93f81b3201.jpg, #fishing #catchoftheday #outdooractivity #angling #leisure
1433088025_bce2cb69f8.jpg, #streetperformance #busking #entertainment #crowd #audience
1433142189_cda8652603.jpg, #hiking #nature #outdoors #adventure #exploration
1433397131_8634fa6664.jpg, #children #playtime #ballpit #fun #joy
1433577867_39a1510c43.jpg, #dog #water #petactivity #splash #playtime
1434005938_ad75c8598c.jpg, #hiking #nature #outdoors #adventure #exploration
1434607942_da5432c28c.jpg, #fatherhood #parenting #family #bonding #love
143552697_af27e9acf5.jpg, #biker #motorcycle #hill #adventure #riding
143552829_72b6ba49d4.jpg, #boy #motorbike #rockyterrain #stream #adventure
1436760519_8d6101a0ed.jpg, #dog #catch #frisbee #playtime #jump
143680442_2f03f76944.jpg, #climber #rockclimbing #overhang #adventure #nature
143680966_0010ff8c60.jpg, #climber #rock #mosscovered #adventure #outdoors
143684568_3c59299bae.jpg, #cliff #man #landscape #overlook #scenery
143688205_630813a466.jpg, #climber #rockface #ropeclimbing #adventure #rock
143688283_a96ded20f1.jpg, #climber #mountain #climbingequipment #adventure #rock
143688895_e837c3bc76.jpg, #boy #climber #rockclimbing #adventure #forest
1439046601_cf110a75a7.jpg, #boy #pool #swimming #smile #fun
1439282131_3814d6ae04.jpg, #dog #stick #retrieve #water #playtime
1440024115_129212c988.jpg, #man #dog #frisbee #play #pet
1443807993_aebfb2784a.jpg, #children #slide #play #fun #bouncyride
1445123245_c7b9db0e0c.jpg, #dog #toy #play #caterpillar #fun
1445754124_647168f211.jpg, #dog #tree #climb #nature #play
1446053356_a924b4893f.jpg, #children #soccer #uniforms #play #sports
1446933195_8fe9725d62.jpg, #puppy #play #chew #branch #fun
1448511770_1a4a9c453b.jpg, #dog #frisbee #jump #catch #pet
1449370354_380c4123c9.jpg, #children #run #grass #play #fun
1449625950_fc9a8d02d9.jpg, #dogs #play #grass #fun #nature
1449692616_60507875fb.jpg, #girl #camera #photography #play #fun
1452361926_6d8c535e32.jpg, #boy #toy #car #sippycup #fun
1453366750_6e8cf601bf.jpg, #children #upsideDown #bed #playful #fun
1454678644_7e5a371301.jpg, #dog #chase #toy #play #fun
1461667284_041c8a2475.jpg, #guitarist #music #hulahoops #performance #fun
1463638541_c02cfa04dc.jpg, #climbing #ropewall #adventure #fun
1463732807_0cdf4f22c7.jpg, #swing #meditation #play #fun
1464120327_d90279ca3a.jpg, #window #child #curiosity #fun
1465666502_de289b3b9c.jpg, #dog #swimming #fetch #play #fun
146577645_91b570c0d0.jpg, #kayaking #whitewater #adventure #fun
1466307485_5e6743332e.jpg, #help #teamwork #outdoor #fun
1466479163_439db855af.jpg, #dog #running #fetch #play #fun
1467533293_a2656cc000.jpg, #playground #girls #junglegym #fun
1468429623_f001988691.jpg, #dogtraining #bite #man #safetygear #fun
1469000260_5d473c8283.jpg, #dog #watergun #play #fun
1469358746_2a879abaf3.jpg, #dog #mountains #adventure #fun
1470061031_4cb59c12a8.jpg, #dogfight #play #fun
1470132731_fa416b7504.jpg, #dog #running #water #splash #fun
1470536919_1f3fd6c65a.jpg, #dog #running #play #fun
1472053993_bed67a3ba7.jpg, #skier #snow #mountains #adventure #fun
1472230829_803818a383.jpg, #rafting #whitewater #adventure #fun
1472249944_d887c3aeda.jpg, #rockclimbing #outdoor #friends #fun
1472653060_7427d2865a.jpg, #man #food #preparation #cooking #foodcourt
1472882567_33dc14c8b6.jpg, #skiers #mountain #snow #climbing #outdoor
1473080948_bae2925dc8.jpg, #kayaker #whitewater #adventure #paddling #rapids
1473250020_dc829a090f.jpg, #boy #creek #exploring #nature #outdoors
1473618073_7db56a5237.jpg, #boy #swing #playground #fun #childhood
1474474514_b3eb492722.jpg, #child #park #tires #play #fun
1475046848_831245fc64.jpg, #woman #beach #walking #shore #relaxation
1476002408_4256b7b2fa.jpg, #person #sidewalk #urban #citylife #walking
1476241331_2f43b67aed.jpg, #boys #waterfountain #park #play #fun
1478268555_7e301fc510.jpg, #climber #rockclimbing #adventure #outdoor #extreme
1478294229_7e1c822fea.jpg, #bicycle #cycling #ride #outdoor #exercise
1478606153_a7163bf899.jpg, #dog #running #woodland #forest #nature
1479028910_3dab3448c8.jpg, #scuba #diver #underwater #exploration #adventure
1479857177_9d4a6f38fd.jpg, #scuba #diver #underwater #ocean #marine_life
1480712062_32a61ad4b7.jpg, #scuba #diver #underwater #marine_life #ocean
1481062342_d9e34366c4.jpg, #child #running #hallway #play #fun
1482960952_95f2d419cb.jpg, #women #walking #parkinglot #elderly #friends
148512773_bae6901fd6.jpg, #couple #river #nature #outdoor #scenic
1488937076_5baa73fc2a.jpg, #dogs #playing #grass #pets #fun
1489286545_8df476fa26.jpg, #man #dog #lake #bonding #outdoor
1490213660_9ea45550cf.jpg, #dog #stream #nature #exploration #outdoor
1490670858_e122df2560.jpg, #child #playground #slide #fun #childhood
1491192153_7c395991e5.jpg, #child #swing #playground #fun #parenting
1499495021_d295ce577c.jpg, #couple #fishing #beach #relaxation #outdoor
1499554025_a8ffe0e479.jpg, #people #pettingzoo #animals #fun #interaction
1499581619_a5f65a882c.jpg, #couple #beach #kissing #romance #love
1500853305_0150615ce9.jpg, #children #bridge #forest #nature #exploration
1501297480_8db52c15b0.jpg, #child #window #DIY #home #repair
1501811302_5e723fc529.jpg, #dog #chasing #sheep #farm #animals
1501985304_8c50093004.jpg, #child #swimming #pool #fun #water
150387174_24825cf871.jpg, #man #motorcycle #offroad #adventure #stream
1505686764_9e3bcd854a.jpg, #man #river #nature #exploration #outdoor
150582765_bad8dec237.jpg, #woman #camera #photography #outdoor #fun
1507563902_6ec8d5d822.jpg, #child #trampoline #jumping #fun #exercise
1508269285_6c5723f67d.jpg, #dog #river #nature #exploration #outdoor
1509786421_f03158adfc.jpg, #child #pointing #curiosity #interaction #fun
1510078253_96e9ec50e7.jpg, #dog #ball #fetch #play #fun
1521623639_4bda3407cc.jpg, #homeless #man #sofa #overpass #urban
1522787272_5a31497ef2.jpg, #dog #mud #grass #run #play
1523800748_a59e980eee.jpg, #beach #kids #run #play #fun
1523984678_edd68464da.jpg, #dog #ball #harness #fetch #play
1525153022_06c48dbe52.jpg, #dog #run #water #splash #play
1526181215_c1a94325ae.jpg, #dog #jump #water #play #fun
1526325728_74eb4153d8.jpg, #dog #beach #sand #walk #play
1527297882_dededc7891.jpg, #man #costume #pirate #fun #cosplay
1527333441_af65636a74.jpg, #man #inventor #sign #showcase #innovation
1527513023_3d8152b379.jpg, #boy #slide #pool #play #fun
1528205014_1323aa9dfd.jpg, #man #yellow #colorful #jewelry #smile
1529044279_4922ead27c.jpg, #people #street #city #point #observe
1536597926_c2e1bc2379.jpg, #hikers #mountain #rest #landscape #nature
1536774449_e16b1b6382.jpg, #crowd #people #event #gathering #community
1539166395_0cdc0accee.jpg, #child #curlyHair #play #toy #fun
1540631615_8b42c1b160.jpg, #boy #handstand #grass #athleticField #fun
1541272333_1624b22546.jpg, #dog #dust #run #play #outdoors
1542033433_5453d4c466.jpg, #woman #street #urban #traffic #citylife
1547883892_e29b3db42e.jpg, #girl #read #coffee #book #cafe
154871781_ae77696b77.jpg, #boys #soccer #grass #play #fun
1550772959_9ca9fa625f.jpg, #girl #archaeology #rock #excavate #explore
1552065993_b4dcd2eadf.jpg, #dog #run #field #flowers #play
155221027_b23a4331b7.jpg, #skydiver #parachute #landing #adventure #skydive
1554713437_61b64527dd.jpg, #dog #walk #woods #explore #nature
1557451043_f5c91ff6f4.jpg, #girl #beach #ocean #relax #enjoy
1557838421_a33f2a4911.jpg, #dog #play #wrestle #fun #pet
1561658940_a947f2446a.jpg, #girl #swing #play #fun #childhood
1562392511_522a26063b.jpg, #dog #rope #play #fun #pet
1562478333_43d13e5427.jpg, #camping #beach #tent #nature #outdoors
1562478713_505ab6d924.jpg, #camping #cook #beach #meal #outdoors
1563731247_7f21d8bec0.jpg, #girl #hay #play #fun #childhood
1564614124_0ee6799935.jpg, #girl #jewelry #play #fun #sunshine
1566117559_f5d98fbeb0.jpg, #dog #beg #stand #pet #cute
1569562856_eedb5a0a1f.jpg, #man #headphones #map #subway #explore
156967462_72db9b722c.jpg, #dogs #water #play #bridge #highway
1569687608_0e3b3ad044.jpg, #girls #lifevests #hug #boat #lake
1570723692_3a2b064d43.jpg, #dogs #grass #greeting #sniffing #play
157139628_5dc483e2e4.jpg, #man #spraying #sandsculpture #beach #art
1572286502_64e5c4b920.jpg, #child #climbing #net #play #park
1572532018_64c030c974.jpg, #boys #running #beach #tag #play
1573017288_4d481856e2.jpg, #girl #armsraised #slide #fun #play
1574401950_6bedc0d29b.jpg, #boy #jumping #slide #playground #fun
1576185717_f841ddc3da.jpg, #cricket #boy #girl #play #sport
1579198375_84b18e003a.jpg, #band #perform #singing #music #stage
1579206585_5ca6a24db0.jpg, #girl #guitar #stage #performance #music
1579287915_4257c54451.jpg, #man #rock #wilderness #mountain #scenicview
1579798212_d30844b4c5.jpg, #child #bath #sing #bubblebath #fun
1580172290_e19067e0dd.jpg, #baby #boy #play #crawling #fun
1580671272_3e99d94305.jpg, #boy #horse #feeding #bucket #hay
1581822598_0ae23074f1.jpg, #dog #snow #play #catch #fun
1584315962_5b0b45d02d.jpg, #man #flag #campsite #snow #winter
1594038143_57f299aa8a.jpg, #magic #boy #hat #trick #fun
159712188_d530dd478c.jpg, #woman #walk #waterfall #city #scenery
1597319381_1e80d9e39c.jpg, #kids #soccer #game #team #sport
1597557856_30640e0b43.jpg, #dog #woman #greeting #jump #excited
1598085252_f3219b6140.jpg, #dog #field #grass #run #play
1600208439_e94527b80f.jpg, #dog #play #mud #fun  
160541986_d5be2ab4c1.jpg, #girl #jewelry #fashion #style #accessories  
160566014_59528ff897.jpg, #couple #car #hood #together #romance  
160585932_fa6339f248.jpg, #car #water #submerged #adventure #nature  
1606988704_fe330878a3.jpg, #children #play #hay #fun #outdoors  
160792599_6a7ec52516.jpg, #people #beach #ocean #view #together  
160805827_5e6646b753.jpg, #man #boat #sunset #flag #adventure  
1616016569_673de1d678.jpg, #couple #smile #together #love #portrait  
161669933_3e7d8c7e2c.jpg, #motorcycle #race #racer #speed #competition  
161905204_247c6ca6de.jpg, #woman #road #walk #journey #nature  
1620397000_3883e3ecd3.jpg, #dog #jump #creek #nature #play  
162152393_52ecd33fc5.jpg, #girl #beach #flags #summer #fun  
1622619190_d0b51aff28.jpg, #dog #yard #fence #outdoors #play  
1625306051_7099519baa.jpg, #men #jump #adventure #fun #hiking  
1626754053_81126b67b6.jpg, #dog #frisbee #catch #play #fun  
162743064_bb242faa31.jpg, #dog #ball #catch #silhouette #play  
1643915227_9f48068772.jpg, #people #city #street #urban #crowd  
1650280501_29810b46e5.jpg, #people #seats #auditorium #event #crowd  
1655781989_b15ab4cbff.jpg, #mountain #climbers #snow #landscape #adventure  
1659358133_95cd1027bd.jpg, #dog #sniff #tree #nature #explore  
1659358141_0433c9bf99.jpg, #dog #grass #tongue #fun #pet  
1659396176_ced00a549f.jpg, #dogs #play #fun #friends #pet  
1662261486_db967930de.jpg, #dog #jump #hoop #play #fun  
166321294_4a5e68535f.jpg, #man #motorcycle #ride #road #speed  
1663454406_5e2cf8c5bb.jpg, #man #sign #demonstration #protest #activism  
1663751778_90501966f0.jpg, #climber #rock #climb #adventure #outdoors  
166433861_70b66cd381.jpg, #motorcycle #ride #road #speed #adventure  
166507476_9be5b9852a.jpg, #lizards #fight #water #nature #wildlife  
166654939_80ea4ddbcc.jpg, #cars #race #track #speed #competition  
1670592963_39731a3dac.jpg, #collie #run #slide #fun #play  
167295035_336f5f5f27.jpg, #climber #rock #climb #adventure #outdoors  
1674612291_7154c5ab61.jpg, #dog #catch #frisbee #play #fun  
1679565118_d36f0d6d52.jpg, #dog #catch #ball #play #fun  
1680126311_b92a2e8e72.jpg, #boy #soccer #play #fun #sports  
1682079482_9a72fa57fa.jpg, #girl #swing #fun #play #joy  
1688699579_2f72328c7e.jpg, #dogs #stick #play #fun #pets  
1689658980_0074d81d28.jpg, #dogs #run #surf #beach #play  
1691573772_1adef8e40e.jpg, #woman #bike #ride #street #traffic  
169490297_b6ff13632a.jpg, #boy #play #fun #childhood #colorful
170100272_d820db2199.jpg, #child #slide #playground #fun
1713248047_d03721456d.jpg, #dog #field #grass #play #fun
1713248099_d860df4e10.jpg, #dog #grass #play #fun
1714316707_8bbaa2a2ba.jpg, #boy #snow #tree #play #fun
171488318_fb26af58e2.jpg, #dog #walk #earth #play #fun
1716445442_9cf3528342.jpg, #person #rock #car #park #play
1718184338_5968d88edb.jpg, #couple #point #river #play #fun
172092461_a9a9762e13.jpg, #man #wakeboard #waterski #play #fun
172092464_d9eb4f4f2f.jpg, #man #waterski #lake #play #fun
172097782_f0844ec317.jpg, #man #jetSki #waterski #play #fun
172097783_292c5413d8.jpg, #boy #wakeboard #lake #play #fun
1721637099_93e9ec2a2f.jpg, #boy #laugh #clothes #play #fun
17273391_55cfc7d3d4.jpg, #fisherman #river #fog #play #fun
173020287_230bfc4ffc.jpg, #man #dog #stick #play #fun
1731546544_9fbf14617b.jpg, #dog #water #play #fun
1732217138_aa0199ef87.jpg, #couple #bench #dreadlocks #play #fun
1732436777_950bcdc9b8.jpg, #couple #stairs #building #play #fun
174466741_329a52b2fe.jpg, #girl #field #flowers #play #fun
1745110280_0cbff5e273.jpg, #dog #bush #play #fun
1752454466_723790dbd6.jpg, #dog #ramp #grass #play #fun
1763020597_d4cc8f0f8a.jpg, #people #wall #shade #play #fun
1764955991_5e53a28c87.jpg, #dog #road #autumn #play #fun
1765164972_92dac06fa9.jpg, #person #hairstyle #punk #play #fun
1770036088_08abe4f6e9.jpg, #bed #embrace #play #fun
1771490732_0ab5f029ac.jpg, #boys #soccer #play #fun
1772859261_236c09b861.jpg, #dog #water #play #fun
1773928579_5664a810dc.jpg, #dog #obstacleCourse #play #fun
1775029934_e1e96038a8.jpg, #animal #field #jump #play #fun
1776981714_5b224d0f7a.jpg, #people #street #talk #play #fun
1777816180_08d7e8063b.jpg, #boy #rock #play #fun
1778020185_1d44c04dae.jpg, #dog #grass #play #fun
1781227288_6811e734be.jpg, #man #garbage #wall #play #fun
1784309115_0ad6791146.jpg, #woman #man #bikini #play #fun
1785138090_76a56aaabc.jpg, #woman #bikini #street #play #fun
1787222774_d5c68cce53.jpg, #kids #car #play #fun
179009558_69be522c63.jpg, #dog #bike #beach #play #fun
1794818900_e0ffdd268e.jpg, #girl #play #toy #fun
1798215547_ef7ad95be8.jpg, #boy #slide #play #fun
179829865_095b040377.jpg, #man #waterski #play #fun
1799188614_b5189728ba.jpg, #boy #beach #play #fun
1799271536_6e69c8f1dc.jpg, #dog #beach #play #fun
1800601130_1c0f248d12.jpg, #dog #jump #tennisball #grass
180094434_b0f244832d.jpg, #fountain #play #children #fun #water
1801063894_60bce29e19.jpg, #girl #bathingsuit #cliff #water #swim
1801188148_a176954965.jpg, #dog #run #field #grass #play
1801663973_5ad393caeb.jpg, #woman #tree #pose #pinkhair #talk
1801874841_4c12055e2f.jpg, #dog #sleep #bedroom #slipper #play
1802092493_7b44fdb6b9.jpg, #children #formal #portrait #dress #smile
1803631090_05e07cc159.jpg, #firefighter #uniform #talk #crowd #blue
180506881_de0f59770f.jpg, #skateboard #walk #jeans #white #people
1805990081_da9cefe3a5.jpg, #boy #dog #leash #neighborhood #walk
1806580620_a8fe0fb9f8.jpg, #woman #sunglasses #smile #blonde #bluejacket
1807169176_7f5226bf5a.jpg, #campfire #night #people #sit #warmth
1808007704_ee8a93abb4.jpg, #man #rock #jump #catch #barely
1808370027_2088394eb4.jpg, #dog #swim #waterfall #yellow #play
1808504612_3508f3c9bb.jpg, #children #climb #tree #play #sunny
1809758121_96026913bb.jpg, #girl #rock #jump #creek #leap
1809796012_a2dac6c26b.jpg, #dog #stand #hindlegs #carpet #blackwhite
1810651611_35aae644fb.jpg, #girl #swing #dress #flowers #backyard
181103691_fb2f956abd.jpg, #children #play #street #water #spray
181157221_e12410ef0b.jpg, #dog #leash #stand #together #owners
1812525037_528465037c.jpg, #kids #costume #kiss #facepaint #stroller
1813266419_08bf66fe98.jpg, #girl #play #water #fountain #run
1813597483_3f09d2a020.jpg, #dog #jump #wood #fence #black
1813777902_07d1d4b00c.jpg, #boy #pirate #smile #costume #laugh
1814086703_33390d5fc7.jpg, #dog #look #behind #black #white
181415975_2627aa6668.jpg, #man #wakeboard #jump #air #bluewater
1814391289_83a1eb71d3.jpg, #child #spiderman #doorbell #costume #trickortreat
181777261_84c48b31cb.jpg, #beach #people #crowded #sand #flags
1818403842_553a2a392c.jpg, #dog #jump #pool #rope #swim
1858963639_4588cd4be9.jpg, #woman #rope #smile #climb #adventures
191003283_992257f835.jpg, #boy #woman #plaza #street #walking
191003284_1025b0fb7d.jpg, #man #girl #bicycle #helping #balance
191003285_edd8d0cf58.jpg, #man #girl #eating #citystreet #bonding
191003287_2915c11d8e.jpg, #man #girl #feeding #child #street
191592626_477ef5e026.jpg, #climber #mountain #rockclimbing #adventure #challenge
1917203130_fcaff8b10e.jpg, #girl #exhibit #boardwalk #domes #exploration
1917265421_aeccf1ca38.jpg, #children #pig #petting #play #fun
1918573100_d31cbb6b77.jpg, #dog #acrobatics #platform #stunts #balance
19212715_20476497a3.jpg, #kayaker #ocean #watersports #adventure #nature
1921398767_771743bf4e.jpg, #dog #beach #dragging #item #exploration
1923476156_e20976b32d.jpg, #dog #bicycle #exercise #outdoors #activity
1924234308_c9ddcf206d.jpg, #woman #bikini #rocks #stream #exploration
1925434818_2949a8f6d8.jpg, #children #ballpit #play #fun #colorful
1926129518_4350f4f552.jpg, #dogs #tennisball #play #fun #outdoors
1928319708_ccf1f4ee72.jpg, #man #bicycle #road #cycling #exercise
1931690777_897a7d8ab6.jpg, #children #cannonball #jump #pool #fun
1932161768_996eadac87.jpg, #dog #log #outdoors #exploration #fun
1932314876_9cc46fd054.jpg, #hiker #feet #stream #relaxation #nature
1936215201_d03a75cbba.jpg, #baby #toy #yard #play #fun
1937104503_313d22a2d0.jpg, #dog #water #shake #outdoors #activity
1937262236_cbf5bfa101.jpg, #dogs #fight #toy #play #fun
1947351225_288d788983.jpg, #children #birthdayparty #gifts #celebration #fun
195084264_72fb347b0f.jpg, #man #checkedShirt #woodenBowl #display #productShowcase
1952896009_cee8147c90.jpg, #woman #baby #backpack #street #luggage
1956678973_223cb1b847.jpg, #children #redShirts #play #leaves #fun
1956944011_c5661d3f22.jpg, #child #whiteShirt #playground #equipment #fun
1957371533_62bc720bac.jpg, #dog #shake #water #wet #pet
195962284_e57178054a.jpg, #boy #pool #building #splash #waterplay
195962790_3380aea352.jpg, #woman #dog #puppy #fountain #pet
1962729184_6996e128e7.jpg, #girl #mother #kiss #school #gate
1965278563_8279e408de.jpg, #dog #canoe #river #sunset #goldenHour
1969573381_5ecfae4c80.jpg, #dog #brown #trees #nature #outdoors
197107117_4b438b1872.jpg, #climber #mountain #summit #rockFace #adventure
197142902_f05ff198c2.jpg, #bubbles #blow #fun #woman #man
197504190_fd1fc3d4b7.jpg, #children #soccer #grass #play #fun
1975171469_84e425f61b.jpg, #child #arcadeGame #play #fun #whackAMole
1975531316_8b00eeaaf7.jpg, #dog #leash #blackAndTan #outdoors #pet
1977827746_4e13d7e19f.jpg, #children #corndogs #wagon #play #fun
197924859_f6e39a7dfa.jpg, #shower #outdoor #wateringCan #nature #refresh
1980315248_82dbc34676.jpg, #man #yardWork #leafBlower #garden #work
1980882959_9a161f3469.jpg, #people #bikes #trashBags #transport #environment
1982852140_56425fa7a2.jpg, #people #beach #running #water #play
1984936420_3f3102132b.jpg, #fish #catch #stream #nature #outdoors
1989145280_3b54452188.jpg, #woman #sunglasses #reaction #blackShirt #style
1991806812_065f747689.jpg, #boxing #fighter #kick #punch #combat
1994416869_4dd769a806.jpg, #girl #toss #play #fun #outdoors
199463720_329a802206.jpg, #bicycles #ride #street #transport #fun
199809190_e3f6bbe2bc.jpg, #jump #lake #water #splash #fun
1998255400_0cd086908f.jpg, #dog #faucet #drink #outdoors #thirsty
1998457059_c9ac9a1e1a.jpg, #surf #wave #beach #fun #water
1999444757_1b92efb590.jpg, #sword #fight #woman #play #fun
2000459828_3c9e109106.jpg, #hiking #rockformation #outdoors #adventure #family
2003663004_5b70920a98.jpg, #football #player #greenbay #game #towel
2004674713_2883e63c67.jpg, #dogs #interaction #playful #snarl #pet
200771289_31902164a7.jpg, #men #backpacks #sunglasses #outdoors #watchful
2009636597_e3f4fe19fb.jpg, #musician #guitar #smoking #sidewalk #street
201682811_105241dee3.jpg, #statue #Gandhi #street #gold #admiration
2017276266_566656c59d.jpg, #dogs #playful #outdoors #toy #fun
2021602343_03023e1fd1.jpg, #basketball #boy #court #angry #sports
2021613437_d99731f986.jpg, #basketball #gymnasium #dribbling #sports #activity
2021671653_567395c7cf.jpg, #boy #running #denim #street #activity
2029280005_a19609c81a.jpg, #rollerblading #man #city #sidewalk #activity
2030781555_b7ff7be28f.jpg, #fishing #pier #water #recreation #leisure
203114209_e4cd71a6b7.jpg, #watersports #tubing #raft #water #recreation
2034553054_b00c166895.jpg, #medieval #boy #apples #costume #historical
2036407732_d5a0389bba.jpg, #hiking #mountains #desert #adventure #nature
2038662925_f4fa8c2534.jpg, #couple #bikehelmets #conversation #bench #outdoors
2039457436_fc30f5e1ce.jpg, #climbing #fence #cowgirl #barbedwire #outdoors
2040941056_7f5fd50794.jpg, #dogs #playing #outdoors #fun #pet
2041867793_552819a40b.jpg, #restaurant #child #mask #pose #fun
2042009399_afad34e7c1.jpg, #football #boys #sports #activity #fun
2043427251_83b746da8e.jpg, #jumping #puddle #rain #joy #activity
2043520315_4a2c782c90.jpg, #hiking #trail #dog #mountains #nature
2044063458_fcc76a7636.jpg, #dogs #running #grass #ball #playful
2045023435_181854c013.jpg, #dog #tennisball #catch #play #pet
2045109977_b00ec93491.jpg, #cleaning #window #smile #indoors #household
2045562030_654ddea5e5.jpg, #teenagers #conversation #wall #building #youth
2045928594_92510c1c2a.jpg, #woman #beach #rock #purse #bag
2046778775_0dd7cac6ab.jpg, #children #performance #stage #audience #youth
2049051050_20359a434a.jpg, #woman #beach #blanket #hat #outdoors
2049646140_d0de01e3c4.jpg, #gymnastics #child #performance #gymnasium #activity
2050067751_22d2763fd2.jpg, #child #curiosity #drain #exploration #outdoors
2051194177_fbeee211e3.jpg, #dog #water #stick #retrieve #play
2052202553_373dad145b.jpg, #dog #stick #water #retrieve #play
2052702658_da1204f6d1.jpg, #child #snow #fun #play #winter
2052953131_30834196fb.jpg, #person #snow #mountain #climb #hike
2053006423_6adf69ca67.jpg, #man #view #hilltop #nature #landscape
2053441349_a98b5fc742.jpg, #dog #field #flowers #run #play
2053733930_e245615ad4.jpg, #mountain #climb #snow #gear #adventure
2053777548_108e54c826.jpg, #dog #tennisBall #jump #fetch #play
2054308369_f9c6ec7815.jpg, #girl #dog #pet #kiss #love
2054869561_ff723e9eab.jpg, #dog #frisbee #chase #play #fun
2055646179_169807fed4.jpg, #boy #hose #water #play #family
2056041678_d6b5b39b26.jpg, #hiker #mountain #snow #trail #adventure
2056042552_f59e338533.jpg, #dog #snow #play #fun #winter
2056377805_e9a9b3bcf0.jpg, #rafting #river #fun #adventure #water
205682549_713aa6cd88.jpg, #hiker #mountain #climb #adventure #nature
2056930414_d2b0f1395a.jpg, #child #guitar #microphone #play #music
2057160636_6e9cf3b5f0.jpg, #person #paddle #boat #lake #nature
2057305043_952b8dc82c.jpg, #paraglider #cliff #ocean #adventure #flying
2057306459_2f52ce648e.jpg, #parachute #field #adventure #landing #skydiving
2058091220_2087270068.jpg, #parachute #desert #adventure #landing #flying
2058124718_89822bc96e.jpg, #dog #duck #play #fun #pet
2058472558_7dd5014abd.jpg, #girl #run #beach #fun #play
2059616165_b7c99c1009.jpg, #dog #grass #pet #play #fun
2059842472_f4fb61ea08.jpg, #baby #road #crawl #exploration #adventure
2060031241_a3ae7a06bb.jpg, #baby #controller #play #fun #videogame
206087108_d4557d38ee.jpg, #man #fall #street #accident #embarrassing
2061144717_5b3a1864f0.jpg, #man #child #talk #conversation #interaction
2061354254_faa5bd294b.jpg, #child #swing #play #fun #outdoor
2061397486_53a61e17c5.jpg, #dog #run #race #speed #competition
2061927950_dafba5b8a3.jpg, #family #steps #outdoor #relax #together
2061944672_0383e65c8a.jpg, #family #play #fun #outdoor #together
2062607137_dac194ad02.jpg, #dog #run #grass #field #play
2063277300_f7ff476914.jpg, #children #play #fun #indoor #together
2064417101_3b9d817f4a.jpg, #dog #race #speed #competition #greyhound
2064790732_219e52e19c.jpg, #boy #dance #play #fun #street
2064792226_97e41d8167.jpg, #bike #couple #fun #play #outdoor
2065309381_705b774f51.jpg, #snowboard #snow #mountain #ride #fun
2066048248_f53f5ef5e2.jpg, #child #hat #play #fun #outdoor
2066271441_1f1f056c01.jpg, #child #bubbles #play #fun #outdoor
2067362863_59577f9d4d.jpg, #dog #run #beach #sand #play
2067833088_04e84e5bf2.jpg, #man #surf #wave #ocean #surfing
2068403258_2669cf9763.jpg, #girl #paint #canvas #brush #art
2068465241_3bcabacfd7.jpg, #dog #tongueOut #fun #play #pet
2068960566_21e85ae0dc.jpg, #girl #horse #ride #fun #play
2069279767_fb32bfb2de.jpg, #man #guitar #music #play #fun
2070798293_6b9405e04d.jpg, #girl #swing #playground #fun #outdoor
2070831281_dc04b3e15d.jpg, #boy #bike #ride #fun #outdoor
2070831523_5035d5537e.jpg, #boy #bike #ramp #jump #fun
2074244690_82e30ff44b.jpg, #dog #run #grass #field #play
2074764331_90a9962b52.jpg, #dog #beach #fetch #ball #play
2075041394_0b3ea1822d.jpg, #dog #chase #play #fun
2075321027_c8fcbaf581.jpg, #man #bicycle #ride #recreation #trail
2075493556_b763648389.jpg, #boys #pose #fun
207584893_63e73c5c28.jpg, #hangglider #beach #adventure #flying #fun
2076428547_738e0a132f.jpg, #hiker #lake #nature #outdoor #adventure
2076865206_53918c820c.jpg, #man #fishing #stream #outdoor #activity
2076906555_c20dc082db.jpg, #boy #jeanjacket #smile #store #fun
2077079696_03380d218b.jpg, #hiker #mountaintop #rocky #cloudy #adventure
207731022_988f6afb35.jpg, #boats #foggy #water #lake #adventure
2077346067_0a3a5aae65.jpg, #man #eating #sidewalk #sign #road
2078311270_f01c9eaf4c.jpg, #women #street #town #walk #together
2079110798_ad1370a646.jpg, #boy #library #read #bookstore #fun
2079152458_40712c3b40.jpg, #dog #tennisball #pet #play #fun
207930963_af3a2f1784.jpg, #people #protectivegear #outdoor #activity #group
2079554580_f18d5c181b.jpg, #dog #run #wood #nature #fun
2080033499_6be742f483.jpg, #dog #run #owner #leash #fun
2081141788_38fa84ce3c.jpg, #children #jump #swimmingpool #resort #fun
2081446176_f97dc76951.jpg, #man #scarf #hat #winter #fashion
2081615901_13092cac56.jpg, #girls #blackshirts #redpants #climb #fence
2081679622_6f1442367d.jpg, #boy #couch #jump #play #fun
2082005167_a0d6a70020.jpg, #dog #ice #lake #winter #play
2083434441_a93bc6306b.jpg, #woman #bicycle #city #ride #transportation
2083778090_3aecaa11cc.jpg, #man #snow #hat #jacket #winter
2084103826_ffd76b1e3e.jpg, #dog #jump #grass #play #fun
2084157130_f288e492e4.jpg, #dog #run #field #play #fun
2084217208_7bd9bc85e5.jpg, #person #bicycle #helmet #ride #fun
2085078076_b9db242d21.jpg, #boy #water #buckets #wash #fun
2085255128_61224cc47f.jpg, #boy #jump #dirt #river #fun
2085400856_ae09df33a7.jpg, #dog #snow #winter #play #fun
2085403342_a17b0654fe.jpg, #child #hay #play #fun #pumpkinpatch
2085557551_7a88d01d4e.jpg, #boy #cooking #utensils #fun #threatening
2085726719_a57a75dbe5.jpg, #girls #wintercoats #cellphone #fun #friends
2086513494_dbbcb583e7.jpg, #girl #whitecoat #photography #fun #picture
2086532897_b8714f2237.jpg, #kayaker #waterfall #adventure #sport #fun
2086534745_1e4ab80078.jpg, #man #yellowboat #paddle #water #adventure
2086678529_b3301c2d71.jpg, #girl #purpleDress #smile #rockWall #climb
2087317114_cf06df5aa5.jpg, #man #kayak #river #smile #adventure
2087640654_1a84577a44.jpg, #dog #dig #hole #tail #up
2088120475_d6318364f5.jpg, #snowman #costume #crowd #fun #winter
2088460083_42ee8a595a.jpg, #hummer #tow #truck #night #repair
2088532947_c628e44c4a.jpg, #girls #grass #bracelet #hug #smile
2088910854_c6f8d4f5f9.jpg, #man #mistletoe #hat #black #red
2089122314_40d5739aef.jpg, #dog #run #newspaper #street #fun
2089350172_dc2cf9fcf6.jpg, #dogs #swim #water #ball #fun
2089426086_7acc98a3a8.jpg, #girl #hoodie #cake #candles #celebrate
2089442007_6fc798548c.jpg, #dog #water #wade #sandyBottom #fur
2089539651_9e518ec7de.jpg, #hiker #view #city #hillside #poles
2089542487_b4c1ee7025.jpg, #hiker #trail #desert #scenery #picture
2089555297_95cf001fa7.jpg, #man #backpack #hat #cliff #cityView
2090327868_9f99e2740d.jpg, #woman #children #cowStatue #pose #smile
2090339522_d30d2436f9.jpg, #man #hat #selfPortrait #scenic #overlook
2090386465_b6ebb7df2c.jpg, #winterGear #cold #clothing #snow #warm
2090387793_274ab4cf7d.jpg, #boy #black #street #walk #tough
2090545563_a4e66ec76b.jpg, #children #skateboard #play #sidewalk #fun
2090723611_318031cfa5.jpg, #dogs #grass #tongue #stand #play
2090997177_76d482b158.jpg, #dog #sand #desert #walk #explore
2091171488_c8512fec76.jpg, #woman #snow #smile #winterClothes #Asian
2092177624_13ab757e8b.jpg, #boy #africanClothing #run #barefoot #wall
2092419948_eea8001d0f.jpg, #man #ponytail #waterway #walk #railing
2092870249_90e3f1855b.jpg, #car #street #jack #repair #underneath
2094323311_27d58b1513.jpg, #dog #man #lick #affection #bond
2094543127_46d2f1fedf.jpg, #girl #crocodile #statue #sit #pose
2094810449_f8df9dcdf7.jpg, #boy #ocean #shorts #surf #fun
2095007523_591f255708.jpg, #baby #crib #toys #playpen #curious
2095078658_c14ba89bc2.jpg, #dog #snow #woods #run #outdoors
2095435987_1b7591d214.jpg, #dog #sand #play #beach #fun
2095444126_201ff9f222.jpg, #dog #shake #water #wet #fur
2095478050_736c4d2d28.jpg, #music #guitar #harmonica #children #watching
209605542_ca9cc52e7b.jpg, #climber #rock #headband #adventure #nature
2096771662_984441d20d.jpg, #binoculars #mountains #exploration #outdoors #scenicView
2097398349_ff178b3f1b.jpg, #hiker #snowcapped #mountains #pose #winter
2097403787_77a154f5b9.jpg, #mountains #rocks #snow #scenic #landscape
2097407245_c798e0dcaf.jpg, #winter #snow #mountains #armsRaised #adventure
2097420505_439f63c863.jpg, #hiker #glacier #ice #adventure #explore
2097489021_ca1b9f5c3b.jpg, #girl #ballet #fairy #wand #performance
2098174172_e57d86ea03.jpg, #hiker #mountains #snow #scenery #adventure
2098418613_85a0c9afea.jpg, #dog #yard #messy #van #exploration
2098646162_e3b3bbf14c.jpg, #cat #dogs #stare #equipment #curiosity
2099323664_bb20457f26.jpg, #dog #sidewalk #street #run #outdoors
2100046085_69b59b6645.jpg, #dogs #water #lake #thirsty #refreshing
2100735137_05c6079537.jpg, #child #toy #jump #play #fun
2100816230_ff866fb352.jpg, #skier #jump #snow #adrenaline #winter
2100909581_b7dde5b704.jpg, #dog #snow #jump #play #winterwonderland
2101128963_fdf8b2a0d7.jpg, #baseball #pitcher #action #sports #game
210126070_0d43b300b9.jpg, #boy #jump #trampoline #fun #play
2101457132_69c950bc45.jpg, #dog #leap #creek #adventure #exploration
2101808682_0d66ef4a08.jpg, #boy #pigeons #birds #swarm #urbanwildlife
2102030040_2e8f4738f7.jpg, #skiing #snow #winter #adventure #outdoors
2102315758_a9148a842f.jpg, #beach #couple #family #walk #relaxation
2102360862_264452db8e.jpg, #beach #photography #photo #friends #memories
2102581664_5ea50f85c6.jpg, #dog #jump #barrier #obstaclecourse #athletic
2102724238_3cf921d7bb.jpg, #subway #people #citylife #urban #commute
2102732029_9ae520914d.jpg, #children #camera #photography #friends #fun
2103361407_4ed4fc46bf.jpg, #children #bench #smile #happiness #friendship
2103568100_5d018c495b.jpg, #dog #water #pond #exploration #adventure
2105756457_a100d8434e.jpg, #children #game #Foosball #play #fun
210625425_fb1ef5d23b.jpg, #Jeep #mud #offroad #adventure #challenge
2106772874_381824648b.jpg, #dogs #play #wrestle #fun #pets
210686241_b8e069fff3.jpg, #boy #water #play #fun #summertime
2107837987_ffecfc367a.jpg, #boy #water #lake #throw #fun
2107838729_a527e434bd.jpg, #boy #lake #throw #stone #outdoors
210839948_bbd5bfa3b6.jpg, #girl #rockclimbing #adventure #challenge #outdoorfun
2108799322_e25aa6e185.jpg, #dog #run #field #mud #playtime
2109370875_05241bdda7.jpg, #snow #winter #photography #camera #outdoors
2109479807_eec8d72ca7.jpg, #girls #ATV #ride #friends #adventure
2109911919_af45b93ef3.jpg, #climber #mountain #snow #adventure #winter
2110692070_8aaaa1ae39.jpg, #dog #run #yard #grass #outdoors
2110898123_07729c1461.jpg, #dog #run #grass #vest #speed
2111360187_d2505437b7.jpg, #children #foam #play #fun #poolside
2112661738_de71b60b88.jpg, #dog #water #mountain #exploration #adventure
211277478_7d43aaee09.jpg, #Jeep #mud #offroad #woods #adventure
2112921744_92bf706805.jpg, #dog #hillside #mountain #nature #scenery
211295363_49010ca38d.jpg, #boat #harbor #city #water #skyline
2113530024_5bc6a90e42.jpg, #soccer #goalie #team #game #sports
2114126343_a0f74ff63b.jpg, #swimmers #rope #ocean #beach #teamwork
2114355355_9d7e2d8178.jpg, #dog #canoe #boat #fog #adventure
2114739371_83aa8bdb0e.jpg, #dog #run #grass #shepherd #outdoors
2115620856_4fa5025ac6.jpg, #car #mountain #town #scenery #landscape
2115631346_9585a479b0.jpg, #dog #snow #run #play #winter
2115849046_2aa9fa8d13.jpg, #dog #grass #river #boat #outdoors
2116316160_d5fa7abdc3.jpg, #dog #grass #run #nature #outdoors
2116444946_1f5d1fe5d1.jpg, #girl #hair #wind #outdoors #blow
2119302248_72493d458c.jpg, #woman #headwear #egyptian #glasses #fashion
2119660490_ce0d4d1f73.jpg, #dog #carpet #play #chewtoy #pet
211981411_e88b8043c2.jpg, #car #mud #offroad #vehicle #adventure
2120383553_5825333a3f.jpg, #girl #green #play #outdoors #fun
2120411340_104eb610b1.jpg, #dog #cow #mountain #nature #animals
2120469056_7a738413be.jpg, #boys #swim #pool #summer #fun
2120571547_05cd56de85.jpg, #woman #train #commute #subway #citylife
2121140070_a09644550b.jpg, #people #play #outdoors #fun #activity
2121357310_f8235311da.jpg, #boy #slide #waterslide #play #fun
2123932281_1a4fd38455.jpg, #girl #eat #cake #dessert #outdoors
2124040721_bffc0a091a.jpg, #man #redhat #portrait #outdoors #senior
2125216241_5b265a2fbc.jpg, #sailboat #dock #water #boating #travel
2125454445_5c5c4bf906.jpg, #dog #shirt #stick #play #pet
2125626631_a4b63af97e.jpg, #dog #Frisbee #catch #play #pet
2126950128_74a4882658.jpg, #woman #smoking #cigarette #outdoors #lifestyle
2127031632_77505e4218.jpg, #child #sled #snow #winter #play
2127207912_9298824e66.jpg, #hiking #rockclimbing #adventure #outdoors #nature
2127209046_94711c747b.jpg, #hiking #adventure #outdoors #nature #trail
2128119486_4407061c40.jpg, #baby #eat #messy #food #childhood
2129430111_338a94f8fb.jpg, #hiking #mountain #outdoors #adventure #nature
2130203183_49bae96b96.jpg, #dog #snow #winter #pet #outdoors
2130851544_d36f4f2ea6.jpg, #boy #icicle #play #winter #fun
2130986011_47cb05c8c9.jpg, #child #sled #snow #winter #play
2131762850_5293a288d9.jpg, #boy #orangejacket #winter #outdoors #play
213216174_0632af65a2.jpg, #boy #swim #pool #summer #fun
2133650765_fc6e5f295e.jpg, #boy #swim #pool #summer #fun
2135360514_7dcb9ed796.jpg, #baby #Santa #Christmas #holiday #festive
2135502491_a15c6b5eae.jpg, #StBernard #dog #snow #winter #pet
2136455112_202c093ba4.jpg, #rollerskate #skate #childhood #play #fun
2136514643_93d8f75a77.jpg, #girl #phone #smile #friends #communication
2136992638_098d62a3c5.jpg, #dog #play #pet #blackdog #browndog
2137071442_1c9658c81a.jpg, #boy #Christmas #gift #toy #holiday
2137789511_69a6c6afa8.jpg, #bicycle #beach #ride #outdoors #exercise
2138487671_5b89104043.jpg, #boy #lake #jump #water #fun
2139519215_8ca16dd192.jpg, #girl #pool #swim #summer #fun
2140182410_8e2a06fbda.jpg, #child #sled #snow #winter #play
2140305708_591d10b54d.jpg, #girl #beach #swim #ocean #summer
2140747429_62cfd89ae9.jpg, #boy #snow #winter #play #fun
2141065212_463a6997e1.jpg, #man #jacket #racing #portrait #sport
2141713971_e25eb12712.jpg, #sled #snow #winter #play #fun
2142232919_c857a09dd7.jpg, #dog #toy #play #pet #fall
2144049642_070cf541b4.jpg, #girl #coloring #childhood #art #fun
2144050118_3e7d2e05b1.jpg, #girl #pen #nose #childhood #funny
2144846312_d4c738dc6c.jpg, #baby #eat #messy #food #childhood
214501174_6db1f4d69c.jpg, #dog #grass #jump #pet #play
214543992_ce6c0d9f9b.jpg, #dog #ball #play #pet #fetch
2147199188_d2d70b88ec.jpg, #man #boy #play #pond #fun
2148013097_6a4f495bc5.jpg, #kids #window #wave #smile #family
2148695079_9ae6a9b1c7.jpg, #dogs #snow #play #fun #winter
2148916767_644ea6a7fa.jpg, #dogs #snow #play #fun #winter
2148991939_3b9fd6c439.jpg, #dog #jump #dock #water #splash
2149968397_a7411729d1.jpg, #child #ocean #play #beach #fun
2149982207_5345633bbf.jpg, #boy #boat #sea #lifevest #adventure
2150564996_d173a506d7.jpg, #child #field #grass #play #outdoors
2151056407_c9c09b0a02.jpg, #dog #sheep #fence #curiosity #animals
2151300603_248a9fe715.jpg, #hand #anatomy #study #science #education
215214751_e913b6ff09.jpg, #boat #fishing #lake #silhouette #nature
2156131463_5b53636cf0.jpg, #beach #people #sunshade #shore #vacation
2156726763_034ecd2e39.jpg, #girl #pink #walk #nature #outdoors
2157003092_eaeb977789.jpg, #dog #snow #play #winter #fun
2157173498_2eea42ee38.jpg, #snowboard #jump #snow #winter #adrenaline
2158247955_484f0a1f11.jpg, #dogs #snow #run #winter #fun
2158267555_db1d94e468.jpg, #pony #ride #children #fun #horse
215876547_fa584c5ec3.jpg, #man #boat #lake #shore #relaxation
2159447283_fab8c272b0.jpg, #girl #SpiderMan #costume #play #fun
2160266952_a2ab39191b.jpg, #kids #bounce #balls #fun #play
216172386_9ac5356dae.jpg, #bike #mountains #motorbike #ride #adventure
2161799386_27aa938421.jpg, #child #bathroom #toilet #potty #toddler
2162469360_ff777edc95.jpg, #construction #workers #roof #neon #safety
2162564553_96de62c7e6.jpg, #man #rocks #shore #ocean #outdoors
2164363131_6930455d45.jpg, #dog #frisbee #play #road #fetch
2165459064_5b81ff23eb.jpg, #dogs #run #grass #outdoors #pets
2165461920_1a4144eb2b.jpg, #dogs #racing #muzzles #competition #speed
2165677531_e1d5e086f7.jpg, #car #rally #spectators #race #track
